{
  "AUC": 0.7798184378150163,
  "F1": 0.46660117878192536,
  "Precision": 0.6699576868829337,
  "Recall": 0.3579502637528259
}